teaching_rating,teaching_comment,course_rating,course_comment,exam_rating,exam_comment,lab_rating,lab_comment,library_rating,library_comment,extra_rating,extra_comment,teaching_comment_sentiment,course_comment_sentiment,exam_comment_sentiment,lab_comment_sentiment,library_comment_sentiment,extra_comment_sentiment,teaching_score,course_score,exam_score,lab_score,library_score,extra_score,overall_score
0.5,teacher are punctual but they should also give us the some practical knowledge other than theortical,0.5,content of courses are average,1.0,examination pattern is good,0.0,not satisfactory lab work must include latest technologies,0.5,library facilities are good but number of books are less,1.0,extracurricular activities are excellent and provides best platform to students,-0.125,-0.15,0.7,0.5,0.26666666666666666,1.0,0.25,0.24,0.8799999999999999,0.2,0.4066666666666667,1.0,0.4961111111111111
1.0,good,0.0,not good,1.0,good,1.0,good,0.0,not good,1.0,good,0.7,-0.35,0.7,0.7,-0.35,0.7,0.8799999999999999,-0.13999999999999999,0.8799999999999999,0.8799999999999999,-0.13999999999999999,0.8799999999999999,0.5399999999999999
1.0,excellent lectures are delivered by teachers and all teachers are very punctual,1.0,all courses material provide very good knowledge in depth,1.0,exam pattern is up to the mark and the cgpa depends on the various marks distributions like ca mte etc which is very nice as compare to other institutions paper checking does not depend on length of ques but on the material which is the best part of it,1.0,lab work is properly covered in the labs by the faculty and evaluations help to learn more practical knowledge in depth,1.0,library facilities are excellent in terms of good techniques that are used over there,1.0,extra curricular activities also help students to divert their mind from their study for some time university plays an important role in this task,0.6,0.9099999999999999,0.41375,0.25,0.85,0.2,0.84,0.964,0.7655,0.7,0.94,0.6799999999999999,0.8149166666666666
1.0,good,0.0,content of course is perfectly in line with the teaching philosophy that is being perpetuated here ie crammingrote learning,0.0,again the university tests students of their ability to memorize stuff questions should emphasize more on concepts rather than testing brains cramming storage house,1.0,good,0.5,its the best thing i have seen in this universityalbeit the behaviour of library staff is unprofessional at times they are whimsically rude,0.0,complete wastage of time again this opinion is strictly personal and may not coincide with others,0.7,1.0,0.5,0.7,0.35,0.05,0.8799999999999999,0.4,0.2,0.8799999999999999,0.43999999999999995,0.020000000000000004,0.4699999999999999
1.0,teachers give us all the information required to improve the performance,1.0,content of courses improves my knowledge,1.0,examination pattern is good,1.0,practical work provides detail knowledge of theoretical work,1.0,library has huge collection of books from different authors,1.0,extracurricular activities increases mental and physical abilities,0.0,0.0,0.7,0.0,0.20000000000000004,-0.05,0.6,0.6,0.8799999999999999,0.6,0.6799999999999999,0.58,0.6566666666666667
1.0,yes,1.0,yes,1.0,yes,1.0,yes,1.0,yes,1.0,yes,0.0,0.0,0.0,0.0,0.0,0.0,0.6,0.6,0.6,0.6,0.6,0.6,0.6
1.0,good and punctual,1.0,good,1.0,good,1.0,good,1.0,hardworking,0.5,no views,0.7,0.7,0.7,0.7,0.0,0.0,0.8799999999999999,0.8799999999999999,0.8799999999999999,0.8799999999999999,0.6,0.3,0.7366666666666665
1.0,it is good,1.0,this semester university has provide best teachers,1.0,i like the question pattern,1.0,everything is going fine in lab learning new things that is good for us,0.5,i am satisfied with the facilities but few books are limited of database distribution,0.5,no idea about the extracurricular activities,0.7,1.0,0.0,0.41767676767676765,0.07619047619047618,0.0,0.8799999999999999,1.0,0.6,0.767070707070707,0.3304761904761905,0.3,0.6462578162578162
1.0,good,0.0,needs some improvement,1.0,good,1.0,good,0.0,its required some libral in rules,1.0,good it provides a great platform,0.7,0.0,0.7,0.7,0.0,0.75,0.8799999999999999,0.0,0.8799999999999999,0.8799999999999999,0.0,0.9,0.59
1.0,good,0.0,needs some improvement,1.0,good,1.0,good,0.0,its required some libral in rules,1.0,good it provides a great platform,0.7,0.0,0.7,0.7,0.0,0.75,0.8799999999999999,0.0,0.8799999999999999,0.8799999999999999,0.0,0.9,0.59
1.0,its good when compare with my btech lectures and teaching activities,0.5,knowledge and depth of the course is good but while coming to the material its not upto the mark,1.0,this university is far better than other university when coming to the exam patternmarks disturbation and while coming to paper checking no biased corrections equal to all,0.0,lab and practical are not upto the mark the topic which are practiced are almost already done in btech,1.0,good,1.0,while coming to extracurriculum activities its better than any other university which i had come around,0.7,0.7,0.11875,0.0,0.7,0.1875,0.8799999999999999,0.58,0.6475,0.0,0.8799999999999999,0.675,0.6104166666666666
1.0,good,0.5,knowledgedepth of course is good but course material are not upto the mark,1.0,great,0.0,not upto the mark,1.0,good,1.0,awesome,0.7,0.7,0.8,0.0,0.7,1.0,0.8799999999999999,0.58,0.92,0.0,0.8799999999999999,1.0,0.71
1.0,way of teaching is good,1.0,course content is knowledgeable,1.0,exam pattern is good and good paper checking,0.0,lab improves practical knowledge,1.0,good library facilities,1.0,ok,0.7,0.0,0.7,0.0,0.7,0.5,0.8799999999999999,0.6,0.8799999999999999,0.0,0.8799999999999999,0.8,0.6733333333333333
0.5,university teaching here is very much dependent upon slidesthough it is a easy way of teaching but still leaving some concepts unclearotherwise interaction with the faculty is goodlecture delivery sometimes is not upto the mark and punctuality is fine,0.0,content of the courses is good but some courses need improvement course material is not upto the mark,0.5,pattern and procedure of the examination is very good paper checking needed to be improved,0.5,sometimes systems at labs are screwed up otherwise everything is at their respected desk,1.0,library facilities are very good no issues,1.0,this university is no in terms of extracurricular activities and in encouraging students to participate at their comfort levels,0.37000000000000005,0.7,0.9099999999999999,0.0,0.9099999999999999,0.0,0.448,0.27999999999999997,0.6639999999999999,0.3,0.964,0.6,0.5426666666666666
1.0,good,1.0,good,1.0,good,1.0,good,1.0,hardworking,1.0,good,0.7,0.7,0.7,0.7,0.0,0.7,0.8799999999999999,0.8799999999999999,0.8799999999999999,0.8799999999999999,0.6,0.8799999999999999,0.8333333333333331
1.0,good,1.0,very good,1.0,excellent,1.0,good,1.0,good,1.0,good,0.7,0.9099999999999999,1.0,0.7,0.7,0.7,0.8799999999999999,0.964,1.0,0.8799999999999999,0.8799999999999999,0.8799999999999999,0.9139999999999998
1.0,as compared to other colleges and university our university is perfect in all the aspects,0.0,material of the course is not good enough,1.0,good,1.0,practical work is fair,1.0,excellent,1.0,great job,0.4375,-0.175,0.7,0.7,1.0,0.8,0.775,-0.06999999999999999,0.8799999999999999,0.8799999999999999,1.0,0.92,0.7308333333333333
1.0,good,0.0,sometimes proper course material is not required,1.0,good,1.0,good,1.0,good,1.0,excellent,0.7,0.0,0.7,0.7,0.7,1.0,0.8799999999999999,0.0,0.8799999999999999,0.8799999999999999,0.8799999999999999,1.0,0.7533333333333333
1.0,lectures helps in clear our concept,1.0,easily available course material with sufficient knowledge gaining,1.0,good marks distribution students can easily check there performance throught the semester,1.0,practical and easy learning,1.0,good,1.0,its give various opportunities and exposure,0.10000000000000002,0.4,0.5666666666666667,0.43333333333333335,0.7,0.0,0.64,0.76,0.8266666666666667,0.7733333333333333,0.8799999999999999,0.6,0.7466666666666666
0.5,talk about punctuality its really good but the lecture delivery is somehow not appreciated because every teacher has different style of teaching so lack of knowledge in terms of subject is there and interaction is also kind of boring a teacher should be entertaining as well but they are really not all they want us to be studios and disciplined which is really not the thinking of every student,1.0,the materials or links provided for study purpose is good clarity in depth of courses but again it differs from teacher to teacher,0.5,exam pattern and how it is conducted is really seems to be good but its my first year and when i went to scrutiny for the first time it was not as per my expectations teachers have marked the answers as per their choice they must look for the content rather than the length of answers so poor paper checking is there,0.0,the evaluation is again bad for our ca as one of our faculty is really weird he gives us remarks on the basis of how we present things in front of it he never look for the content of our answer which is really annoying as he expects us to deliver answer in the way he wants us to do but how can a person do that as people do have different mentality and they do explain themselves in different manner so a teacher must understand that quality of a child and should give him marks on the basis of what they say not what they should say,0.5,again some of the faculties dont know how to behave otherwise it is good,0.5,this is really a good thing that events happen in our university regularly but they must be announced early so that every student can prepare themselves for participation because sometimes we get to know about most of the events when they have already been conducted so announcement must be there,0.03703703703703703,0.7,0.18333333333333335,-0.2571428571428571,0.7,0.32499999999999996,0.3148148148148148,0.8799999999999999,0.37333333333333335,-0.10285714285714286,0.58,0.42999999999999994,0.4125485008818342
1.0,university is very good at delivering proper lecturesalso the interaction with students is descent sometimes the teachers lack in terms of punctuality but overall university is giving a good input,1.0,the course notes are very knowledgeable and proper,1.0,descent,1.0,good,1.0,descent,1.0,good,0.40249999999999997,0.1,0.0,0.7,0.0,0.7,0.761,0.64,0.6,0.8799999999999999,0.6,0.8799999999999999,0.7268333333333333
1.0,good,1.0,good,1.0,excellect,1.0,good,1.0,good,1.0,good,0.7,0.7,0.0,0.7,0.7,0.7,0.8799999999999999,0.8799999999999999,0.6,0.8799999999999999,0.8799999999999999,0.8799999999999999,0.8333333333333331
1.0,good,1.0,good,1.0,excellect,1.0,good,1.0,good,1.0,good,0.7,0.7,0.0,0.7,0.7,0.7,0.8799999999999999,0.8799999999999999,0.6,0.8799999999999999,0.8799999999999999,0.8799999999999999,0.8333333333333331
1.0,lecturer are punctual and can interact them easily,1.0,content of the courses are update and mostly based on current technology,1.0,exam pattern and marks distribution is very well procedure,1.0,well and good infrastructure and have trending software in lab,1.0,library is very well managed and provide needed facilities to us,1.0,extracurricular activities held in university are necessary it provides student a platform where they can improve and groom them,0.43333333333333335,0.25,0.2,0.7,0.2,0.0,0.7733333333333333,0.7,0.6799999999999999,0.8799999999999999,0.6799999999999999,0.6,0.7188888888888888
1.0,good,0.0,needs some improvement,1.0,good,1.0,good,0.0,its required some libral in rules,1.0,good it provides a great platform,0.7,0.0,0.7,0.7,0.0,0.75,0.8799999999999999,0.0,0.8799999999999999,0.8799999999999999,0.0,0.9,0.59
1.0,good,1.0,good,0.5,average,0.5,average,1.0,they are doing there job well,1.0,good,0.7,0.7,-0.15,-0.15,0.0,0.7,0.8799999999999999,0.8799999999999999,0.24,0.24,0.6,0.8799999999999999,0.62
0.5,punctuality is good most of the teachers are not interacting with students,0.0,teachers are not giving depth of course they trying to cover there work only,1.0,it is statisfactory,0.0,hours practical is so long it should be of hours only,0.0,well all the books are not avilable if they are in library books are in less number and strength of student are large,1.0,they are really very intersting all the students enjoys alot and get a chance to showcase there talent,0.6,0.0,0.0,-0.025,0.023809523809523808,0.2,0.54,0.0,0.6,-0.010000000000000002,0.009523809523809525,0.6799999999999999,0.3032539682539683
1.0,good,1.0,good,1.0,good,1.0,good,1.0,good,1.0,good,0.7,0.7,0.7,0.7,0.7,0.7,0.8799999999999999,0.8799999999999999,0.8799999999999999,0.8799999999999999,0.8799999999999999,0.8799999999999999,0.8799999999999999
1.0,nice,1.0,good,0.0,not so good,1.0,ok ok,0.0,all books are not available,1.0,awesome,0.6,0.7,0.7,0.5,-0.2,1.0,0.84,0.8799999999999999,0.27999999999999997,0.8,-0.08000000000000002,1.0,0.62
0.0,lecture delivery is not so good,1.0,every thing is fine,1.0,all good,0.0,practicle must be of hours,0.0,the system in library usually does not work so it creates a problem for us to issue the book,1.0,its good for refreshment,0.7,0.4166666666666667,0.7,0.0,-0.25,0.7,0.27999999999999997,0.7666666666666666,0.8799999999999999,0.0,-0.1,0.8799999999999999,0.451111111111111
1.0,its good,1.0,its appreciable,0.0,not that much good students are working so hard but they arent getting satisfactory result,1.0,its good also depends on teachers knowledge and students interest,0.0,sometimes only book is available for some subjects and it is reserved,1.0,its appreciable students who are having interest in co curricular activities getting a good platform,0.7,0.0,0.20416666666666664,0.7,0.2,0.7,0.8799999999999999,0.6,0.08166666666666667,0.8799999999999999,0.08000000000000002,0.8799999999999999,0.5669444444444444
1.0,discipline punctuality lecture delivery all are good but hv to do some work for quality of lecture,1.0,satisfied,0.5,all are good except paper checking it should be improved,1.0,all good,1.0,its very helpful,1.0,all good,0.7,0.5,0.7,0.7,0.2,0.7,0.8799999999999999,0.8,0.58,0.8799999999999999,0.6799999999999999,0.8799999999999999,0.7833333333333332
0.5,interaction is very goodaccurate supplement material is provided but recommendation of books is very poorthe change of a particular teacher after months or a semester of same subject causes problems,0.0,the books that are recommended do not contain appropriate content leads the students to depend on slides given by teachers hence the knowledge remains superficial,1.0,overall all these things are the plus point of the university,0.5,average,1.0,awesome peaceful relaxing atmosphere,0.5,good but lacks audienceas only participants can see these activities on duty leave basis,0.08,0.5,0.0,-0.15,0.625,0.35,0.33199999999999996,0.2,0.6,0.24,0.85,0.43999999999999995,0.44366666666666665
1.0,perfect,1.0,awesome,1.0,notbad,0.0,too much lanlb file work,0.0,all books are not available,1.0,perfect,1.0,1.0,0.0,0.2,-0.2,1.0,1.0,1.0,0.6,0.08000000000000002,-0.08000000000000002,1.0,0.6
1.0,it is really gud,1.0,it is proper,1.0,it is very gud,0.5,evaluation method is gudbut the content is more to write in file,0.0,i think number of books are very less according to the students only copies are available,1.0,all the activities are gud and appropriate for students,0.2,0.0,0.2,0.5,0.061111111111111116,0.5,0.6799999999999999,0.6,0.6799999999999999,0.5,0.02444444444444445,0.8,0.5474074074074075
0.5,very good teaching and management but too much load on student and working hours,1.0,courses are very good and useful,0.5,examination pattern is good but marks distribution very confusing,1.0,excellent,1.0,good,1.0,very good,0.5549999999999999,0.605,0.15499999999999997,1.0,0.7,0.9099999999999999,0.522,0.842,0.362,1.0,0.8799999999999999,0.964,0.7616666666666667
0.0,in terms of lecture delivery that is goodin terms of punctuality that is also good but in terms of intraction that is very bad there are some teachers they donot interact and do not litsn our problms that means they do not coprate,1.0,its good,1.0,exam pattren is good marks distribution is also good bt paper cheacking is very tight,1.0,its good,1.0,thats good,0.5,thats good but the problm is whenever in university the functions like one india one world are held we are not alowed to go because we have to attend the classes and if we miss the classes we will gona loose the attendence and everyone knows in lpu attendnce is very important thanx,-0.10499999999999993,0.7,0.38928571428571423,0.7,0.7,0.381025641025641,-0.041999999999999975,0.8799999999999999,0.7557142857142857,0.8799999999999999,0.8799999999999999,0.4524102564102564,0.6343540903540903
1.0,according to me everything is going well in accordance to interactionmore than enough is served,1.0,everything is fine every thing is taught in deptheven a single point is elaborated enough to understand,1.0,everything is fine,0.5,i think electrotherapy practical should be of hoursthats enough i thinkrest is fine,0.0,i think stock is not enough more books are required,0.0,chance to go and enjoy should be giveni think it should be off when any activity like one india is there to go and enjoyotherwise everything is good,0.0,0.11507936507936507,0.4166666666666667,0.20833333333333334,0.25,0.55,0.6,0.646031746031746,0.7666666666666666,0.3833333333333333,0.1,0.22000000000000003,0.4526719576719577
0.5,very good teaching and management but too much load on student and working hours,1.0,courses are very good and useful,0.5,examination pattern is good but marks distribution very confusing,1.0,excellent,1.0,good,1.0,very good,0.5549999999999999,0.605,0.15499999999999997,1.0,0.7,0.9099999999999999,0.522,0.842,0.362,1.0,0.8799999999999999,0.964,0.7616666666666667
0.0,not effective and satisfactory in terms of lecture delivery by all the faculty,1.0,content is good enough,1.0,satisfactory,0.0,lab duration of hours is very long,1.0,very cooperative,0.0,extracurricular activies should be held when there are no classes for the students to attend so that every student can enjoy and participate in the events,-0.3,0.35,0.0,-0.065,0.2,0.4,-0.12,0.74,0.6,-0.026000000000000002,0.6799999999999999,0.16000000000000003,0.33899999999999997
1.0,good,1.0,good,1.0,good,0.5,average,1.0,nice,1.0,good,0.7,0.7,0.7,-0.15,0.6,0.7,0.8799999999999999,0.8799999999999999,0.8799999999999999,0.24,0.84,0.8799999999999999,0.7666666666666666
1.0,good,1.0,good,1.0,good,1.0,good,1.0,good,1.0,good,0.7,0.7,0.7,0.7,0.7,0.7,0.8799999999999999,0.8799999999999999,0.8799999999999999,0.8799999999999999,0.8799999999999999,0.8799999999999999,0.8799999999999999
1.0,accurate,1.0,accurate,1.0,very good,1.0,good,1.0,satisfactory,1.0,good,0.4000000000000001,0.4000000000000001,0.9099999999999999,0.7,0.0,0.7,0.76,0.76,0.964,0.8799999999999999,0.6,0.8799999999999999,0.8073333333333332
1.0,its good,1.0,accurate,1.0,very good,1.0,its good,1.0,fine,1.0,good,0.7,0.4000000000000001,0.9099999999999999,0.7,0.4166666666666667,0.7,0.8799999999999999,0.76,0.964,0.8799999999999999,0.7666666666666666,0.8799999999999999,0.855111111111111
1.0,good,1.0,perfect,1.0,accurate,1.0,its good,1.0,fine,1.0,good,0.7,1.0,0.4000000000000001,0.7,0.4166666666666667,0.7,0.8799999999999999,1.0,0.76,0.8799999999999999,0.7666666666666666,0.8799999999999999,0.861111111111111
1.0,it is good depending on the faculty,1.0,the material provided is beneficial and provides much knowledge,0.5,it is neither too good nor too bad,1.0,lab evaluations are pretty good they help us a lot,1.0,library facilities provided are excellent,1.0,they are amazing and help to boost our stamina,0.7,0.2,5.551115123125783e-17,0.475,1.0,0.6000000000000001,0.8799999999999999,0.6799999999999999,0.3,0.79,1.0,0.8400000000000001,0.7483333333333334
1.0,maintained punctuality good lecture delivery,1.0,fully knowledgeable,1.0,exam pattern is good and good paper checking,1.0,having good material in labs,1.0,good facilities,1.0,increasing confidence,0.7,0.0,0.7,0.7,0.7,0.0,0.8799999999999999,0.6,0.8799999999999999,0.8799999999999999,0.8799999999999999,0.6,0.7866666666666665
0.5,average,1.0,good,1.0,excellent,1.0,too much good,0.5,average,0.5,average,-0.15,0.7,1.0,0.7,-0.15,-0.15,0.24,0.8799999999999999,1.0,0.8799999999999999,0.24,0.24,0.5800000000000001
0.5,average,1.0,good,1.0,good,1.0,good,1.0,better,1.0,best,-0.15,0.7,0.7,0.7,0.5,1.0,0.24,0.8799999999999999,0.8799999999999999,0.8799999999999999,0.8,1.0,0.7799999999999999
1.0,good,1.0,well planned,1.0,good,0.5,average,1.0,excellent,1.0,good,0.7,0.0,0.7,-0.15,1.0,0.7,0.8799999999999999,0.6,0.8799999999999999,0.24,1.0,0.8799999999999999,0.7466666666666666
1.0,good,1.0,good,1.0,good,0.0,it is difficult to understand experiment in hour,1.0,good,1.0,good,0.7,0.7,0.7,-0.5,0.7,0.7,0.8799999999999999,0.8799999999999999,0.8799999999999999,-0.2,0.8799999999999999,0.8799999999999999,0.6999999999999998
1.0,good,1.0,good,1.0,good,1.0,good,1.0,good,1.0,good,0.7,0.7,0.7,0.7,0.7,0.7,0.8799999999999999,0.8799999999999999,0.8799999999999999,0.8799999999999999,0.8799999999999999,0.8799999999999999,0.8799999999999999
1.0,good,1.0,ok,1.0,good,1.0,good,0.0,some books are not available so please provide,1.0,ok,0.7,0.5,0.7,0.7,-0.2,0.5,0.8799999999999999,0.8,0.8799999999999999,0.8799999999999999,-0.08000000000000002,0.8,0.6933333333333332
0.5,average,1.0,good,1.0,good,1.0,good,1.0,there are doing there job good,1.0,good,-0.15,0.7,0.7,0.7,0.7,0.7,0.24,0.8799999999999999,0.8799999999999999,0.8799999999999999,0.8799999999999999,0.8799999999999999,0.7733333333333333
1.0,good,0.5,average,1.0,excellent,1.0,lab work is also good,1.0,all are hardworking and punctual,0.5,average,0.7,-0.15,1.0,0.7,0.0,-0.15,0.8799999999999999,0.24,1.0,0.8799999999999999,0.6,0.24,0.64
1.0,it is quite good depending on teacher and their experience,1.0,content is very knowledgable and gives us huge knowledge of every subject,1.0,examination pattern marks paper checking is good,1.0,lab work is quite good,1.0,excellent,1.0,extracurricular activities are good,0.7,0.1444444444444445,0.7,0.7,1.0,0.7,0.8799999999999999,0.6577777777777778,0.8799999999999999,0.8799999999999999,1.0,0.8799999999999999,0.8629629629629628
1.0,it is quite good depends upon teacher and their experience,1.0,content is enough we donot need more,0.0,too many examination we are frustrated,0.5,lab activities are good but not satisfactory in explaining point of view,1.0,library is awesome and rich,0.5,good it is but teachers do not consider the new ones,0.7,0.25,-0.09999999999999998,0.7,0.6875,0.41818181818181815,0.8799999999999999,0.7,-0.039999999999999994,0.58,0.875,0.4672727272727273,0.5770454545454545
1.0,the way of teaching is good but the time more than enough,0.5,good quallity content but some teachers donot upload ppts on time,0.5,too much examinations,1.0,helps in improving skills,1.0,they are good,1.0,it is good,0.39999999999999997,0.7,0.2,0.0,0.7,0.7,0.76,0.58,0.38,0.6,0.8799999999999999,0.8799999999999999,0.68
1.0,good teaching delivery,1.0,course content is good,0.5,average,1.0,lab work is nice,1.0,library facility is good,1.0,extracurrcular activities held in university is good,0.7,0.7,-0.15,0.6,0.7,0.7,0.8799999999999999,0.8799999999999999,0.24,0.84,0.8799999999999999,0.8799999999999999,0.7666666666666666
1.0,good teacher is delivery the lecture in the best way they can,1.0,the content of the course is knowledgeable,1.0,examination including exam pattern is good in some waysmcqs shouls given to students for the preparation of exams,1.0,practical work including evaluations are good so that students can learn about practicals,1.0,library facilities are good for students,1.0,super the extracurricular activities held in university so that student can show the efforts in other fields,0.85,0.0,0.7,0.7,0.7,0.10416666666666666,0.94,0.6,0.8799999999999999,0.8799999999999999,0.8799999999999999,0.6416666666666666,0.803611111111111
0.5,good and qualified teachers but few lacks in interaction with students and fails to describe a topic,0.5,subjects are appropriate but much depth is required as syllabus includes only basics not the details,0.0,the level of examination should be raised questions with reasoning must be included,1.0,laboratory provides us a good knowledge about practicals,1.0,very good library facilities issuing time of book must be increased,1.0,good and ample number of extracurricular activities take place,-1.850371707708594e-17,0.2333333333333333,0.0,0.7,0.9099999999999999,0.7,0.3,0.3933333333333333,0.0,0.8799999999999999,0.964,0.8799999999999999,0.5695555555555555
0.5,average,1.0,good,1.0,ok,1.0,good,1.0,good,1.0,good,-0.15,0.7,0.5,0.7,0.7,0.7,0.24,0.8799999999999999,0.8,0.8799999999999999,0.8799999999999999,0.8799999999999999,0.7599999999999999
1.0,very good teaching facilities lecture given are fruitful and teachers are punctual,0.0,some courses are irrelevant as they are not related to my stream,1.0,fair marking scheme and adaptable pattern,0.0,practical work insome labs are not upto the marks,0.0,more books should be provided and the issue period should be increased,0.5,they are good but they should give exposure to more students and not the same,0.9099999999999999,-0.25,0.7,0.0,0.5,0.39999999999999997,0.964,-0.1,0.8799999999999999,0.0,0.2,0.45999999999999996,0.40066666666666667
0.5,interaction is good but not with mostly male lecturerspunctuality is maintained by everyone but lecture delivery not peak quality,0.0,there are many courses which are irrelevant to the branch some topics are not covered there is no proper material for any course,0.5,pattern of examination is good but paper checking is not at all going in a good way,0.5,labs are good but experiments are not very informative,1.0,very good library facilities issuing time of book must be increased,1.0,excellent,0.35,0.0,0.7,0.3,0.9099999999999999,1.0,0.43999999999999995,0.0,0.58,0.42,0.964,1.0,0.5673333333333334
1.0,all things are good,1.0,not too bad,0.0,there should not be negative marking,0.0,the labs are not practically built,0.5,never went there,0.5,i donot participate,0.7,-0.6999999999999998,-0.3,0.0,0.0,0.0,0.8799999999999999,0.32,-0.12,0.0,0.3,0.3,0.28
1.0,all things are good,1.0,not too bad,1.0,all things are good,1.0,good,1.0,they are good,0.5,i donot participate,0.7,-0.6999999999999998,0.7,0.7,0.7,0.0,0.8799999999999999,0.32,0.8799999999999999,0.8799999999999999,0.8799999999999999,0.3,0.69
1.0,all activties are good,1.0,course material is perfect,0.0,there should not be negative marking,1.0,practical work is good,0.0,book issuing time should be increased for weeks,1.0,all are enough,0.7,1.0,-0.3,0.7,0.0,0.0,0.8799999999999999,1.0,-0.12,0.8799999999999999,0.0,0.6,0.5399999999999999
1.0,all activties are good,1.0,not bad,0.0,there should not be negative marking,1.0,good,1.0,good,1.0,all activities are good,0.7,0.3499999999999999,-0.3,0.7,0.7,0.7,0.8799999999999999,0.74,-0.12,0.8799999999999999,0.8799999999999999,0.8799999999999999,0.69
1.0,good,1.0,good,1.0,not bad,1.0,super,1.0,excellent,1.0,good,0.7,0.7,0.3499999999999999,0.3333333333333333,1.0,0.7,0.8799999999999999,0.8799999999999999,0.74,0.7333333333333333,1.0,0.8799999999999999,0.8522222222222222
1.0,all is good no other university is so serious about the concept of practicals,1.0,ip is provided to the students which is very helpful for the students,1.0,all is good,1.0,this is the best in our university because there is no other university which takes seriously for practical work,0.5,really our library provides very good facilites for students and teachers but fine system was not good it was directly increased upto this is not a good thing,1.0,more than best,0.14305555555555555,0.2,0.7,0.24305555555555558,0.15444444444444447,0.75,0.6572222222222222,0.6799999999999999,0.8799999999999999,0.6972222222222222,0.36177777777777775,0.9,0.696037037037037
1.0,lecture delivery depends on teachers knowledge punctuality is good,0.5,depth of course is less on the other hand knowledge and material is good,1.0,i like it i am satisfied all these work,0.0,some time lab is not proper working some teachers practical knowledge is less on the other side evaluations is not that much good,1.0,its good and proper design,1.0,its upto mark and very efficiently held in our university,0.7,0.1361111111111111,0.5,0.10208333333333333,0.35,0.2,0.8799999999999999,0.35444444444444445,0.8,0.04083333333333333,0.74,0.6799999999999999,0.5825462962962963
1.0,good,1.0,good,1.0,good,1.0,good,1.0,good,1.0,good,0.7,0.7,0.7,0.7,0.7,0.7,0.8799999999999999,0.8799999999999999,0.8799999999999999,0.8799999999999999,0.8799999999999999,0.8799999999999999,0.8799999999999999
1.0,way of teaching is average,0.0,content does not provide deep knowledge,1.0,excellent,1.0,satisfactory,1.0,excellent,1.0,provides good platform to interested students,-0.15,0.0,1.0,0.0,1.0,0.475,0.54,0.0,1.0,0.6,1.0,0.79,0.655
0.0,not so good,0.5,average,1.0,quite good,0.0,very poorno equipments are there,1.0,good,0.0,no comments because when you participiate you get reappear or backlog and no time is given for exam preparation,0.7,-0.15,0.7,0.2,0.7,0.0,0.27999999999999997,0.24,0.8799999999999999,0.08000000000000002,0.8799999999999999,0.0,0.3933333333333333
0.5,average,0.0,sometime it is irrelevent with the ongoing courses,1.0,good,0.0,poor,0.5,average,0.0,the activities are very good but no time is given to students for participation so its of no use,-0.15,0.0,0.7,-0.4,-0.15,0.9099999999999999,0.24,0.0,0.8799999999999999,-0.16000000000000003,0.24,0.364,0.2606666666666666
1.0,good,0.5,averagein one term there should be only two major subjects based on numerical,0.0,very poor,0.0,very poorno equipments are there,1.0,average,0.5,average,0.7,0.03125,-0.52,0.2,-0.15,-0.15,0.8799999999999999,0.3125,-0.20800000000000002,0.08000000000000002,0.54,0.24,0.30741666666666667
1.0,the staff is highly punctual ad interactive and encourage students to participate in the class,0.5,some of them are very helpful and knowledgeable and some are just formality,1.0,exam pattern is good and good paper checking but paper checking can be improved,0.0,lab practicals and evaluations are below average and need lot of changes and improvements,1.0,library contains all the books regarding courses and other materials and very cooperative library staff,1.0,lot of activities and students get exposure in games,0.16,0.2,0.7,-0.15,0.037500000000000006,0.0,0.6639999999999999,0.38,0.8799999999999999,-0.06,0.615,0.6,0.5131666666666667
1.0,staff and faculty members are always available for interaction very punctual and delivery of lecture can be improved,0.5,very knowledgeable some subjects do not have dedicated material like books available,1.0,exam pattern is good very well marks distribution and paper checking varies from faculty to faculty,0.0,lab practical work can further be improved so that it can meet industrial standards,1.0,all the books are easily available and accessable and the limit of book issued need to be increased,1.0,too many activities are conducted and student get ample amount of opportunities to participate,0.30000000000000004,0.30000000000000004,0.44999999999999996,0.0,0.4,0.5,0.72,0.42000000000000004,0.78,0.0,0.76,0.8,0.5800000000000001
1.0,good delivery,1.0,optimum content,1.0,all excellent,1.0,excellent work,1.0,all are good,1.0,they are going excellent,0.7,0.7,1.0,1.0,0.7,1.0,0.8799999999999999,0.8799999999999999,1.0,1.0,0.8799999999999999,1.0,0.94
1.0,good,1.0,good,1.0,good,1.0,good,1.0,good,1.0,good,0.7,0.7,0.7,0.7,0.7,0.7,0.8799999999999999,0.8799999999999999,0.8799999999999999,0.8799999999999999,0.8799999999999999,0.8799999999999999,0.8799999999999999
1.0,our university is good in terms of lecture deliveryinteraction and punctuality,1.0,very good,1.0,excellent,1.0,good,1.0,library facilities are good every book is available in the library,1.0,good,0.7,0.9099999999999999,1.0,0.7,0.55,0.7,0.8799999999999999,0.964,1.0,0.8799999999999999,0.8200000000000001,0.8799999999999999,0.9039999999999999
1.0,good,1.0,good,1.0,good,1.0,good,1.0,good,1.0,good,0.7,0.7,0.7,0.7,0.7,0.7,0.8799999999999999,0.8799999999999999,0.8799999999999999,0.8799999999999999,0.8799999999999999,0.8799999999999999,0.8799999999999999
1.0,very good,1.0,very good,1.0,good,1.0,very good,1.0,very good library facilities issuing time of book must be increased,1.0,excellent,0.9099999999999999,0.9099999999999999,0.7,0.9099999999999999,0.9099999999999999,1.0,0.964,0.964,0.8799999999999999,0.964,0.964,1.0,0.956
1.0,good,0.0,it is not appropriate,0.5,marks distribution is good but paper checking is not that well,0.0,its hard to find a computer working in lab students cannot save data in one single pc,0.0,as per libraries few books are not available and in computer library there are hardly pcs working,0.5,not much interested,0.7,-0.25,0.7,-0.18154761904761907,-0.23055555555555554,-0.125,0.8799999999999999,-0.1,0.58,-0.07261904761904762,-0.09222222222222222,0.25,0.24085978835978836
1.0,interaction satisfied lecture delivery goodpunctuality always on time,1.0,satisfied knowedgeable and proper course material,1.0,satisfied,1.0,good,1.0,good,1.0,very good,0.5,0.25,0.5,0.7,0.7,0.9099999999999999,0.8,0.7,0.8,0.8799999999999999,0.8799999999999999,0.964,0.8373333333333332
1.0,excellent but it depends upon teacher,1.0,good but there should be at least one a practical subject in every semester,1.0,excellent,0.0,not good becouse in lab teachers donot teach us how to work on live projects or how to make a live project so i have ovserved that whatever teachers have been teachig us in lab that will not usefull in our future life,1.0,excellent,1.0,excellent,1.0,0.07777777777777777,1.0,-0.019318181818181818,1.0,1.0,1.0,0.6311111111111111,1.0,-0.007727272727272728,1.0,1.0,0.7705639730639731
1.0,good,1.0,yes,1.0,good,0.0,not goodthe timing is too much for labs and syllabus is also so vastwe dont get propr revision,0.0,books are less,0.0,bcoz of lectureswe dont get time to participate,0.7,0.0,0.7,0.2,-0.16666666666666666,0.0,0.8799999999999999,0.6,0.8799999999999999,0.08000000000000002,-0.06666666666666667,0.0,0.3955555555555555
1.0,good,1.0,good,1.0,good,1.0,good,1.0,good,1.0,good,0.7,0.7,0.7,0.7,0.7,0.7,0.8799999999999999,0.8799999999999999,0.8799999999999999,0.8799999999999999,0.8799999999999999,0.8799999999999999,0.8799999999999999
1.0,good,1.0,good,0.0,very tough,1.0,good,1.0,excellent,0.5,average,0.7,0.7,-0.5055555555555555,0.7,1.0,-0.15,0.8799999999999999,0.8799999999999999,-0.20222222222222222,0.8799999999999999,1.0,0.24,0.6129629629629628
1.0,good,1.0,good,1.0,good,1.0,good,1.0,excellent,1.0,good,0.7,0.7,0.7,0.7,1.0,0.7,0.8799999999999999,0.8799999999999999,0.8799999999999999,0.8799999999999999,1.0,0.8799999999999999,0.8999999999999999
1.0,good,1.0,good,1.0,excellent,1.0,good,1.0,good,1.0,good,0.7,0.7,1.0,0.7,0.7,0.7,0.8799999999999999,0.8799999999999999,1.0,0.8799999999999999,0.8799999999999999,0.8799999999999999,0.8999999999999999
1.0,good,1.0,good,1.0,good,1.0,good,1.0,good,1.0,good,0.7,0.7,0.7,0.7,0.7,0.7,0.8799999999999999,0.8799999999999999,0.8799999999999999,0.8799999999999999,0.8799999999999999,0.8799999999999999,0.8799999999999999
1.0,very good,1.0,good,1.0,good,1.0,satisfactory,1.0,good,1.0,good,0.9099999999999999,0.7,0.7,0.0,0.7,0.7,0.964,0.8799999999999999,0.8799999999999999,0.6,0.8799999999999999,0.8799999999999999,0.8473333333333333
1.0,it is ok,0.0,it is not very deep,1.0,it is good,0.0,i hate it,1.0,i love it,1.0,very good,0.5,0.0,0.7,-0.8,0.5,0.9099999999999999,0.8,0.0,0.8799999999999999,-0.32000000000000006,0.8,0.964,0.5206666666666667
0.0,some teachers arent doing their jobs in very well manner,1.0,course contents are very much relevant to our courses,0.0,bad,1.0,very good,0.0,i think library facilities are only for hostelers,0.0,i also want to participate in that activities but i cant take part in those activities because im a day scholar,0.2,0.4,-0.6999999999999998,0.9099999999999999,0.0,0.0,0.08000000000000002,0.76,-0.27999999999999997,0.964,0.0,0.0,0.254
1.0,some of the teachers are not well experienced but they are interactive and helpful and punctual,0.5,the course structure is good and follows todays technology some subjects portion are too vast and are difficult to cover in sem,0.5,examination pattern is good but mcq paper checking marks are not correct sometimes,0.0,practical work is in interesting but different teachers evaluate in their own way some of the teachers in some section give marks without taking viva and some does not give marks accordingly,0.0,capacity of library is less compared to size of university,1.0,extracurricular activities are good and provide a good platform,0.8,0.06666666666666665,0.7,0.3666666666666667,-0.16666666666666666,0.7,0.92,0.32666666666666666,0.58,0.1466666666666667,-0.06666666666666667,0.8799999999999999,0.46444444444444444
0.5,not all the teachers are teaching well but its fine,1.0,good,0.0,very strict,1.0,good,1.0,library has providing excellent facilities,1.0,good,0.4166666666666667,0.7,0.2,0.7,1.0,0.7,0.4666666666666667,0.8799999999999999,0.08000000000000002,0.8799999999999999,1.0,0.8799999999999999,0.6977777777777777
1.0,excellent,1.0,good,1.0,it is a good way in pattern,1.0,good,1.0,it will provide us various books to increase our knowledge or to understand the concept because it is good,1.0,it is good,1.0,0.7,0.7,0.7,0.35,0.7,1.0,0.8799999999999999,0.8799999999999999,0.8799999999999999,0.74,0.8799999999999999,0.8766666666666666
1.0,the faculty is good interaction between student and teacher is also good,1.0,content of the course is good,1.0,good,1.0,good,1.0,good,1.0,good,0.7,0.7,0.7,0.7,0.7,0.7,0.8799999999999999,0.8799999999999999,0.8799999999999999,0.8799999999999999,0.8799999999999999,0.8799999999999999,0.8799999999999999
0.0,not good,0.0,syllabus is not in debth,1.0,good,1.0,good,1.0,good,1.0,good,-0.35,0.0,0.7,0.7,0.7,0.7,-0.13999999999999999,0.0,0.8799999999999999,0.8799999999999999,0.8799999999999999,0.8799999999999999,0.5633333333333332
1.0,good,1.0,excellent,0.0,not good,1.0,good,1.0,good,1.0,good,0.7,1.0,-0.35,0.7,0.7,0.7,0.8799999999999999,1.0,-0.13999999999999999,0.8799999999999999,0.8799999999999999,0.8799999999999999,0.73
1.0,good,1.0,very good,1.0,very good,1.0,good,1.0,good,1.0,excellent,0.7,0.9099999999999999,0.9099999999999999,0.7,0.7,1.0,0.8799999999999999,0.964,0.964,0.8799999999999999,0.8799999999999999,1.0,0.9279999999999999
0.0,some of our faculty member are not so experienced thats why most of the time we are facing problems subjects like csec,1.0,as per the courses all the sub are providing worth knowledge,0.0,as per the exam pattern maths exam always have to be subjective rather than objective,1.0,as per the lab evaluation we r satisfied with it,0.0,duration of issuing books from library should be changed from week to week that would be great,1.0,thats great,0.65,0.3,0.0,0.5,0.8,0.8,0.26,0.72,0.0,0.8,0.32000000000000006,0.92,0.5033333333333333
1.0,good,1.0,very good,1.0,all good,1.0,good,0.0,absolutely fine all books are there but the thing is that the time limit is very less we have to return the book that we have issued very fast,1.0,best,0.7,0.9099999999999999,0.7,0.7,0.15333333333333335,1.0,0.8799999999999999,0.964,0.8799999999999999,0.8799999999999999,0.061333333333333344,1.0,0.7775555555555554
1.0,its to good,0.5,i dont know,0.0,its very bad thing not sowing answer of mcq in exam we dont jiged what is rigth and rong where mak mistacvk,1.0,lab and practical work are litial good,0.5,i dont think about,0.5,hahahah,0.7,0.0,-0.9099999999999998,0.7,0.0,0.0,0.8799999999999999,0.3,-0.36399999999999993,0.8799999999999999,0.3,0.3,0.38266666666666665
1.0,everything is good,1.0,regarding the courses everything is good,1.0,coming to the examinations it is good,1.0,good,0.5,very good,1.0,very good it is a good oppurtunities to many students,0.7,0.7,0.7,0.7,0.9099999999999999,0.7033333333333333,0.8799999999999999,0.8799999999999999,0.8799999999999999,0.8799999999999999,0.6639999999999999,0.8813333333333333,0.8442222222222221
0.0,everything is good but when coming to some lectures who dont have a good grip on subjectthey dont behave well with students and they dont even teach all the concepts in the subject,1.0,coming to the courses these are very well planned and it all depends on the lectures,0.5,in cas its in the hands of lectures while in mtes and etes its good,0.0,not very good must be improved,1.0,very good,1.0,there are many oppertunities for students its all upon students about how they utilize them,0.41111111111111104,0.2,0.7,-0.26923076923076916,0.9099999999999999,0.5,0.16444444444444442,0.6799999999999999,0.58,-0.10769230769230767,0.964,0.8,0.5134586894586893
1.0,excellent,1.0,good,0.5,i think mid trem should be also subjective,1.0,good,1.0,good,1.0,excellent,1.0,0.7,0.0,0.7,0.7,1.0,1.0,0.8799999999999999,0.3,0.8799999999999999,0.8799999999999999,1.0,0.8233333333333333
0.5,everything was good regarding to university but some lecturers dont have grip on the subject and lag in the teaching,1.0,good,1.0,exam pattern and marks distribution are good,1.0,very good,1.0,very good,1.0,excellent,0.26666666666666666,0.7,0.7,0.9099999999999999,0.9099999999999999,1.0,0.4066666666666667,0.8799999999999999,0.8799999999999999,0.964,0.964,1.0,0.8491111111111111
0.5,normal,1.0,good,1.0,good,0.0,bad,1.0,good,1.0,good,0.15,0.7,0.7,-0.6999999999999998,0.7,0.7,0.36,0.8799999999999999,0.8799999999999999,-0.27999999999999997,0.8799999999999999,0.8799999999999999,0.6
1.0,good,1.0,good,1.0,very good,1.0,good,1.0,good,1.0,good,0.7,0.7,0.9099999999999999,0.7,0.7,0.7,0.8799999999999999,0.8799999999999999,0.964,0.8799999999999999,0.8799999999999999,0.8799999999999999,0.894
1.0,good,1.0,upto the mark,1.0,good,1.0,good,1.0,good,0.5,average,0.7,0.0,0.7,0.7,0.7,-0.15,0.8799999999999999,0.6,0.8799999999999999,0.8799999999999999,0.8799999999999999,0.24,0.7266666666666666
1.0,teaching activities of our university is good i am satisfied with it,1.0,it is so good,1.0,examination pattern and marks distribution all the terms are goodca and mte also give the chance to students for improving,1.0,with the help of practicals students are able to understand all the conceptso it is also good,1.0,it is excellent,1.0,it is excellent,0.6,0.7,0.0,0.6,1.0,1.0,0.84,0.8799999999999999,0.6,0.84,1.0,1.0,0.86
1.0,good,1.0,good,1.0,good,1.0,good,1.0,good,0.5,poor,0.7,0.7,0.7,0.7,0.7,-0.4,0.8799999999999999,0.8799999999999999,0.8799999999999999,0.8799999999999999,0.8799999999999999,0.13999999999999996,0.7566666666666665
1.0,everything is good for faculty,1.0,excellent,0.5,in examinations please try to give question papers,1.0,very good,1.0,good,1.0,some of the universities not conducted any extracurricular activities but in our university doing these it is good for our feature,0.7,1.0,0.0,0.9099999999999999,0.7,0.7,0.8799999999999999,1.0,0.3,0.964,0.8799999999999999,0.8799999999999999,0.8173333333333331
1.0,satisfactory,0.5,content of course is ample but depth must be more,1.0,very good,1.0,good,0.0,library facilities need to be improve by bringing some more books,1.0,good,0.0,0.5,0.9099999999999999,0.7,0.5,0.7,0.6,0.5,0.964,0.8799999999999999,0.2,0.8799999999999999,0.6706666666666666
1.0,good,0.5,course is good no proper course material,1.0,good and strict,1.0,lab is very good,1.0,exellent,1.0,it is very much useful and we can participate in our interests,0.7,0.35,0.7,0.9099999999999999,0.0,0.3,0.8799999999999999,0.43999999999999995,0.8799999999999999,0.964,0.6,0.72,0.7473333333333333
1.0,all are good,1.0,excellent,0.0,not much good,1.0,good,1.0,excellent,1.0,very good,0.7,1.0,-0.35,0.7,1.0,0.9099999999999999,0.8799999999999999,1.0,-0.13999999999999999,0.8799999999999999,1.0,0.964,0.7639999999999999
0.5,good but not good sir improve the subject,1.0,good,0.5,exams conducting is very good but paper correction is very bad,0.0,not good must be improve,1.0,good,1.0,excelent,0.06111111111111111,0.7,5.551115123125783e-17,-0.35,0.7,0.0,0.3244444444444444,0.8799999999999999,0.3,-0.13999999999999999,0.8799999999999999,0.6,0.4740740740740741
0.5,the university is good but it also has a long way to go more teachers should have their phd and college fests related to academic curriculum must be improved to a great extent and must be managed properlythe interaction is good lecture delivery needs more lucidity the punctuality is top notch,0.0,content of the courses should be changed a bit more of industry oriented feature like linux and github must be implemented proper detailing and advanced knowledge is required and is to be instilled in the studentsthe course material is good,0.5,the examination pattern is good more of logic based and subjective questions to be asked which is based upon conceptual learning paper checking must be done in a more lucid manner because many doubts arise with the checking of omr sheet,1.0,lab evaluations are good,1.0,library facilities are the strength of this university it is awesome,1.0,quite a lot of events are organized and students have a all round growth which is a nice thing,0.40555555555555556,0.4,0.55,0.7,1.0,0.19999999999999998,0.4622222222222222,0.16000000000000003,0.52,0.8799999999999999,1.0,0.6799999999999999,0.6170370370370369
1.0,our university is good in punctualitylecture delivery but it is not good in terms of interaction,1.0,good it was knowledgeabledepth of the course is goodthere is but proper course materials in only for some subjects,1.0,all these are good,0.5,it was good but it can be improved,1.0,good,1.0,very good,0.175,0.2333333333333333,0.7,0.7,0.7,0.9099999999999999,0.6699999999999999,0.6933333333333334,0.8799999999999999,0.58,0.8799999999999999,0.964,0.777888888888889
0.5,average,0.5,average,1.0,the best pattern of examination are in lpu,0.0,most of the teacher dont even bother about the practical performed by studentsthey give marks just by seeing face or something like that,0.5,almost each and every books is therebut the time limit for keeping book is too much shorted,0.0,activities are not up to the mark as advertisement,-0.15,-0.15,1.0,0.5,0.2,0.0,0.24,0.24,1.0,0.2,0.38,0.0,0.3433333333333333
0.0,interaction is very less when it comes to lecture delivery its fine but the co cordination not there between the lectueres,1.0,good,0.5,mid term percentage should be increased so that students get more choice to get success in the examinations,0.0,good but marks are not given properly,0.0,waste library is not the good place to study,1.0,very well,0.1,0.7,0.26666666666666666,0.35,0.24999999999999997,0.2,0.04000000000000001,0.8799999999999999,0.4066666666666667,0.13999999999999999,0.09999999999999999,0.6799999999999999,0.3744444444444444
1.0,good,1.0,good,1.0,very good,1.0,good,1.0,good,1.0,good,0.7,0.7,0.9099999999999999,0.7,0.7,0.7,0.8799999999999999,0.8799999999999999,0.964,0.8799999999999999,0.8799999999999999,0.8799999999999999,0.894
1.0,all lectures are giving their best to teach the students,1.0,excellent,1.0,good,1.0,excellent,1.0,good,1.0,excellent,1.0,1.0,0.7,1.0,0.7,1.0,1.0,1.0,0.8799999999999999,1.0,0.8799999999999999,1.0,0.96
0.0,our university is very good but in terms of interaction of teachers wd students is not at all fair because they interact wd only students understands hisher teaching they dont make remaining students to understand the topic,1.0,very good and you can also increase the standard of courses,1.0,good,0.5,practicals are good but evaluations are not because they dont give enough time to work,0.5,its good but we dont find the books because their are much less number of books,0.5,its good but we dont get sufficient time for participating in that activities,0.5366666666666666,0.45499999999999996,0.7,0.35,0.26666666666666666,0.7,0.21466666666666667,0.782,0.8799999999999999,0.43999999999999995,0.4066666666666667,0.58,0.5505555555555556
1.0,the university consists of a whole world in itselfit is diverse and manages to conduct all events properlyi love being the part of this university where we get equal and all opportunities in all respects and fields,1.0,the courses available in the university have got a scope and the teaching of these courses goes on with the point of view of bringing out the best from the student by indulging them in different activities and projects,1.0,the examination system of the university is very impressivethe sitting plan of he students is made in such a way that no students of same class give the exam in same room or even sometimes same blocksthrough this students also get to know and visit different blocks of the universitythe checking is also fair,1.0,they are conducted in proper way,1.0,perfect,1.0,unbiased,0.2333333333333333,0.4666666666666666,0.12857142857142856,0.0,1.0,0.0,0.6933333333333334,0.7866666666666666,0.6514285714285714,0.6,1.0,0.6,0.7219047619047618
1.0,teachers are pretty interactivebut it all depends on the student to gain as much as knowledge he can from the teacherteachers are punctual and very helpful during exams time,1.0,content of course is more than enough to get the basics of that particular subject,1.0,everything is pretty well organised,0.5,teachers are supposed to let the students know the actual use of the instruments used in the lab,1.0,they are good,1.0,lpu gives the best opportunity for the students to show their talent,0.21666666666666667,0.125,0.25,0.0,0.7,1.0,0.6866666666666666,0.65,0.7,0.3,0.8799999999999999,1.0,0.7027777777777778
0.5,teaching delivery is good but it is better to reduce there speed of lecture delivery to understand the student better,0.5,courses are also good but lt of subjects in cse departments at st year it feels like burden upon us,1.0,good,1.0,excellent they work hardtheir way of teaching is also pretty good,1.0,excellent,1.0,these are very usefull to students excellent,0.5666666666666667,0.7,0.7,0.65,1.0,0.6,0.5266666666666666,0.58,0.8799999999999999,0.86,1.0,0.84,0.7811111111111111
1.0,overall rating on this activity is very nice teaching and interaction between students and lectures was good every time there will be new and fresh style in delivering the lectures thanks,1.0,my rating in this is,1.0,very good,0.5,average,1.0,it is very nice and timings of library is good,0.5,there are lot of extracurricular activites held in university but so many of them are unknown to us the problem is there is no such ads viewed to us my rating is,0.3527272727272727,0.0,0.9099999999999999,-0.15,0.74,0.13333333333333333,0.741090909090909,0.6,0.964,0.24,0.8959999999999999,0.35333333333333333,0.6324040404040404
0.5,excellent but reduse the speed of teaching up to understand the students,0.5,goodthey work very hard for us,1.0,good,1.0,good,1.0,excellent,1.0,these are very use full to the sudents forphysical activity and improvement of knowledge,1.0,-0.3791666666666667,0.7,0.7,1.0,0.275,0.7,0.1483333333333333,0.8799999999999999,0.8799999999999999,1.0,0.71,0.7197222222222223
0.5,teaching is ok but the interaction with the students need to improve i mean they have to focus on dull students more than intelligents,1.0,good,0.0,for some subjects like maths and englishpassage writing the time duration neds to increase,0.5,in labsthe lecturers has to interact with each student to improve their knowledge in all the waysbefore giving us the work they must explain about the experiment once so that we will come to know how to perform n take precautions while doing,0.5,good but there is more need of keeping books of general topics about socialpolitygketc other than related to subject so that we will get some knowledge about country related issues,1.0,good,0.09895833333333333,0.7,0.0,0.0,0.13690476190476192,0.7,0.33958333333333335,0.8799999999999999,0.0,0.3,0.3547619047619048,0.8799999999999999,0.45905753968253965
1.0,interaction is good but it should b more rest is too perfect,0.0,syllabus is more which required time it should b less so that student can proper concentrate getting the knowlegde instead of just covering the syllabusgood,0.5,pattern is good marks distribution that includes camtet nd attendence all that is little complicated,1.0,good,1.0,good,0.0,sometimes study burden is that much that we can not participate in these activities there should b one activity complusory for every student like all other courses,0.7333333333333334,0.11111111111111112,0.004166666666666652,0.7,0.7,0.037500000000000006,0.8933333333333333,0.04444444444444445,0.30166666666666664,0.8799999999999999,0.8799999999999999,0.015000000000000003,0.5024074074074074
1.0,teachers are good in subjectand punctuality,1.0,good,1.0,good,1.0,ok,1.0,good,1.0,excellent,0.7,0.7,0.7,0.5,0.7,1.0,0.8799999999999999,0.8799999999999999,0.8799999999999999,0.8,0.8799999999999999,1.0,0.8866666666666666
0.5,everything would be fine if there are less number of students in our btech cse,0.0,when compared to other universities we need better material and exposure,1.0,every thing is fine,1.0,its fine,0.5,books are heavily outnumbered when compared to number of students this is the only problem with library,1.0,it helps in building up universitys reputation,0.125,0.1875,0.4166666666666667,0.4166666666666667,-0.1,0.0,0.35,0.07500000000000001,0.7666666666666666,0.7666666666666666,0.26,0.6,0.4697222222222222
1.0,good,1.0,good,1.0,good,1.0,good,1.0,good,1.0,good,0.7,0.7,0.7,0.7,0.7,0.7,0.8799999999999999,0.8799999999999999,0.8799999999999999,0.8799999999999999,0.8799999999999999,0.8799999999999999,0.8799999999999999
0.5,faculties are doing quite well but need more senior lecturers,0.0,the content of the course should be increased with the depth,1.0,probably the best part of university is its examination and its pattern,0.0,more number of labpracticals should be there to enhance practical knowledge,0.0,insufficient books,1.0,it was quite great and unique,0.5,0.0,1.0,0.5,0.0,0.5875,0.5,0.0,1.0,0.2,0.0,0.835,0.42250000000000004
1.0,satisfied,1.0,content provided by you is excellent so that we learnt more and more about that particular subject,1.0,i have never seen this type of examinationvery good pattern,1.0,here we r able to do every thing by our own with u r valuable support,1.0,i have no words to say about our library facilities simply awesome,1.0,extraordinary,0.5,0.39999999999999997,0.7,0.55,1.0,0.3333333333333333,0.8,0.76,0.8799999999999999,0.8200000000000001,1.0,0.7333333333333333,0.8322222222222222
1.0,examination department is not good teaching is quite good i cant get extra time for extra knowledge interaction is good,1.0,content of course is appropriate,0.0,examination checking sucks here dont knw why i get low marks even if qustions are wrong answer key of exam is absurd discrepancy system is not advantageous answers of exam not right omr should be uploaded,1.0,pretty good,0.5,good but timings should be hrs,1.0,they are good,0.20999999999999996,0.5,-0.24047619047619048,0.475,0.7,0.7,0.6839999999999999,0.8,-0.0961904761904762,0.79,0.58,0.8799999999999999,0.6063015873015872
1.0,well and good,0.0,the content of course should be increase with depth,1.0,it is best,1.0,very good,0.0,insufficient books,1.0,it was quite great and unique,0.7,0.0,1.0,0.9099999999999999,0.0,0.5875,0.8799999999999999,0.0,1.0,0.964,0.0,0.835,0.6131666666666666
1.0,good,1.0,good,1.0,good,1.0,good,0.5,library facility is very good but there is a problem collection of books available books are very less for some subjects,1.0,very good,0.7,0.7,0.7,0.7,0.3644444444444444,0.9099999999999999,0.8799999999999999,0.8799999999999999,0.8799999999999999,0.8799999999999999,0.4457777777777777,0.964,0.8216296296296296
1.0,good,1.0,good,1.0,good,1.0,good,1.0,good,1.0,good,0.7,0.7,0.7,0.7,0.7,0.7,0.8799999999999999,0.8799999999999999,0.8799999999999999,0.8799999999999999,0.8799999999999999,0.8799999999999999,0.8799999999999999
0.5,university management is extordinary but some of the faculty is very bad,0.0,in my opnion very less content is their in our syllabusit will be good if there is more syllabus and depth included in our syllabus,0.0,examination pattern is good butthere is blunder mistakethat is we ha no alternate to check the mistake where we have done morever no question papers also not given for discussionso i suggest toprovide option for checking mistakes in the mcq exams such as midterm,0.0,there are no sufficient lab equipments in the labs and the avilable euipments are also not perfect,1.0,good enough,1.0,it is relly awesomeextirdinary and marvellous but no time to attend,-0.9099999999999998,0.3277777777777778,0.2333333333333333,-0.5,0.35,0.0,-0.06399999999999995,0.13111111111111112,0.09333333333333332,-0.2,0.74,0.6,0.21674074074074076
1.0,good,0.0,some of the faculty are not uploading ppts,1.0,good,1.0,good,1.0,good,1.0,good,0.7,0.0,0.7,0.7,0.7,0.7,0.8799999999999999,0.0,0.8799999999999999,0.8799999999999999,0.8799999999999999,0.8799999999999999,0.7333333333333333
1.0,good,1.0,ok,1.0,ok,1.0,good,0.0,rough handling,1.0,good,0.7,0.5,0.5,0.7,-0.1,0.7,0.8799999999999999,0.8,0.8,0.8799999999999999,-0.04000000000000001,0.8799999999999999,0.6999999999999998
1.0,good,1.0,good,1.0,good,1.0,good,0.0,books are not available,1.0,good,0.7,0.7,0.7,0.7,-0.2,0.7,0.8799999999999999,0.8799999999999999,0.8799999999999999,0.8799999999999999,-0.08000000000000002,0.8799999999999999,0.7199999999999999
0.5,some lectures are excellentbut not everyone,1.0,excellent,1.0,excellent,1.0,super,1.0,librery facilities are excellent,1.0,nice,0.0,1.0,1.0,0.3333333333333333,1.0,0.6,0.3,1.0,1.0,0.7333333333333333,1.0,0.84,0.8122222222222222
1.0,it is very good learning in this university,1.0,it is good learning these courses,0.0,time not sufficient,0.5,it is good leaning in lab but the lab instruments are not properly working,0.0,very rough handling,1.0,good,0.9099999999999999,0.7,0.0,0.35,-0.13,0.7,0.964,0.8799999999999999,0.0,0.43999999999999995,-0.052000000000000005,0.8799999999999999,0.5186666666666666
0.5,its booring,0.0,its very tough and very diffcult to understand,1.0,good,1.0,very bad,1.0,good,1.0,that is only good in this university,0.0,-0.15277777777777776,0.7,-0.9099999999999998,0.7,0.35,0.3,-0.06111111111111111,0.8799999999999999,0.23600000000000004,0.8799999999999999,0.74,0.49581481481481476
1.0,good,1.0,nice,1.0,exam pattern is good,1.0,good,1.0,library facilites are good,1.0,good,0.7,0.6,0.7,0.7,0.7,0.7,0.8799999999999999,0.84,0.8799999999999999,0.8799999999999999,0.8799999999999999,0.8799999999999999,0.8733333333333332
1.0,good,0.5,yeah well some of the faculty are not teaching well but the schedule of the university are superb and university asked feedback from us that is really helpful,1.0,excellent,1.0,good,0.5,yeah quite well but some of the books are not available,1.0,excellent u r the best in providing facilties and etc for extra curricular activities,0.7,0.6,1.0,0.7,-0.2,0.6666666666666666,0.8799999999999999,0.54,1.0,0.8799999999999999,0.21999999999999997,0.8666666666666667,0.7311111111111112
0.5,teaching is good but some lecturers are showing partiality between south people and north people,1.0,good,0.5,every thing is excllent but paper checking is not good,1.0,labs are very interesting it is helpful to know the knowledge,1.0,library facilities is good,1.0,extracurricular activities are also good,0.7,0.7,-0.35,0.65,0.7,0.7,0.58,0.8799999999999999,0.16,0.86,0.8799999999999999,0.8799999999999999,0.7066666666666667
1.0,excellent,0.5,the content of the courses are good but depth of courses are not enough to get the good concepts,0.0,we dont get answers key and even the question papers for our mcq examsthere should be some means by which we could recheck our answers and get to know what mistakes we have made,0.0,according to me students are doing lab only for marks,1.0,good,1.0,excellent,1.0,0.4666666666666666,0.0,0.0,0.7,1.0,1.0,0.48666666666666664,0.0,0.0,0.8799999999999999,1.0,0.561111111111111
0.5,teaching is good but some teachers are not able to interact properly and are not able to clear the concepts properly teachers are punctual,1.0,content is sufficient for us,0.5,exam pattern is very nice but paper checking is not at all good,1.0,lab practical work help us to learn the things properly and evalution is also very necessary as it helps us to retain concepts,1.0,library facilty is good,1.0,university offers alkot of activities which is excellent on their part as students are able to explore themselves,0.049999999999999996,0.0,0.74,0.0,0.7,0.5333333333333333,0.32,0.6,0.596,0.6,0.8799999999999999,0.8133333333333334,0.634888888888889
1.0,good,1.0,excellent,1.0,good,1.0,good,1.0,super,1.0,super,0.7,1.0,0.7,0.7,0.3333333333333333,0.3333333333333333,0.8799999999999999,1.0,0.8799999999999999,0.8799999999999999,0.7333333333333333,0.7333333333333333,0.851111111111111
1.0,everything is very good interaction part is something like teachers mostly interact with each and every student lecture delivery is very good and punctuality always maintains,0.5,content of courses are good these are very knowledgeable depth of course is also there but sometimes proper course material is not there,0.5,exam pattern and marks distribution are excellent but sometimes there are some errors in paper checking,1.0,lab or practical work is excellent and yes including evaluations also,1.0,library facilities are good it maintains silence there and makes good environment to study but sometimes it goes very strict which is not required according to me,1.0,extracurricular activities are good it helps people to know their talent and build up their skills,0.7733333333333333,0.3,1.0,1.0,0.5333333333333333,0.7,0.9093333333333333,0.42,0.7,1.0,0.8133333333333334,0.8799999999999999,0.7871111111111112
1.0,good,1.0,good,1.0,good,1.0,good,0.5,uncertain,1.0,good,0.7,0.7,0.7,0.7,0.0,0.7,0.8799999999999999,0.8799999999999999,0.8799999999999999,0.8799999999999999,0.3,0.8799999999999999,0.7833333333333332
1.0,i am very much satisfied with teaching faculty interms of iteractionlecture delivery punctuality etc,1.0,i like communication classescourses are good,0.5,exam pattern is very good but if you give question papers to students it is helpful,1.0,lab is very much helpful,1.0,i like reading books in library,1.0,i am really enjoying,0.5,0.7,0.9099999999999999,0.26,0.0,0.5,0.8,0.8799999999999999,0.6639999999999999,0.704,0.6,0.8,0.7413333333333334
0.0,they are showing partiality between north indians and south indians,1.0,they are giving good knowledge for us,1.0,its better,0.0,in lab also they are showing parilaty,1.0,i felt its better because there is no problem from library facilities,1.0,i felt happy because it encourages our talents,0.0,0.7,0.5,0.0,0.5,0.8,0.0,0.8799999999999999,0.8,0.0,0.8,0.92,0.5666666666666667
1.0,good,1.0,excellent,1.0,excellent,1.0,good,0.5,average,1.0,excellent,0.7,1.0,1.0,0.7,-0.15,1.0,0.8799999999999999,1.0,1.0,0.8799999999999999,0.24,1.0,0.8333333333333334
1.0,interaction is satisfying lecture delivery is good punctuality is excellent,1.0,knowledgeable is good depth of course is satisfying proper course material is also good,1.0,exam pattern very good marks distribution good but sometimes disappointing paper checking ok,0.0,lab evaluations are very strict,0.5,excellent but sometimes lack of books especially during exam times,1.0,outstanding,0.7333333333333334,0.475,0.37749999999999995,0.2,0.5,0.5,0.8933333333333333,0.79,0.751,0.08000000000000002,0.5,0.8,0.6357222222222223
0.0,staff is showing partiality between north indians and south indians,1.0,its good,1.0,yeah its obviously good,1.0,good,0.5,libary is giving a lot to us but we are not getting it,1.0,better,0.0,0.7,0.7,0.7,0.0,0.5,0.0,0.8799999999999999,0.8799999999999999,0.8799999999999999,0.3,0.8,0.6233333333333332
1.0,excellent university the mode of teaching is completely different than any other university in india lecturers are very friendly with every one they interact just like friends and they are very punctual,1.0,every thing is good subjects have a very good depth almost all the books are available in the library and more than that,1.0,exam pattern is completely different the entire exams are objective oriented resumbling the education in abroad my review is,0.0,the lab evaluations are very strict,1.0,excellent,1.0,excellent simply superb,0.3125,0.6275,0.0,0.2,1.0,1.0,0.725,0.851,0.6,0.08000000000000002,1.0,1.0,0.7093333333333334
0.5,lecture delivery and punctuality was good but the interaction with students was not good,1.0,good,1.0,everything was good,1.0,labs n practicals are good,0.5,ive never went to library in lpusoi dont know about that,0.0,before coming to lpu i thought sports were very good n encouragingbut there are many politics in sports especially in cricket,0.175,0.7,0.7,0.7,0.0,0.47,0.37,0.8799999999999999,0.8799999999999999,0.8799999999999999,0.3,0.188,0.583
0.5,punctuality and lecture is good here but interaction isnt good,1.0,its nice,1.0,everything is good,1.0,practicals are pretty well,0.5,i dont know abt that bcoz i didnt go to library till now,0.0,not every one is getting opportunities here only recommended students getting,0.7,0.6,0.7,0.25,0.0,0.0,0.58,0.84,0.8799999999999999,0.7,0.3,0.0,0.5499999999999999
1.0,good enough,0.0,not good,0.5,excellent but checking procedure is not exceptable since we fail to know our faults in mid term,1.0,good,1.0,facilities are good to overcome ones need,1.0,it seems to me very good since it is a good source of interaction with other and to built a leadership quilities and to overcome our faults,0.35,-0.35,0.16666666666666666,0.7,0.7,0.49499999999999994,0.74,-0.13999999999999999,0.36666666666666664,0.8799999999999999,0.8799999999999999,0.7979999999999999,0.5874444444444444
1.0,in this university there is good interaction with the students teachers in this university can deliver the lectures effectively there is good punctuality in this university,1.0,the material provided in this university is depth of course the courses in this university is knowledgeable,1.0,excellent exam pattern paper checking in this university is easy,1.0,there is good evaluations in lab regarding practicle,1.0,good,1.0,they are sportive,0.6666666666666666,0.0,0.7166666666666667,0.7,0.7,0.0,0.8666666666666667,0.6,0.8866666666666667,0.8799999999999999,0.8799999999999999,0.6,0.7855555555555555
1.0,very good indeed,1.0,the depth of course is very much deep according to me its very essential,0.5,i dont like the ve marking system appart from that everything is great,1.0,very good,0.0,required text books are not available to every student,1.0,one of the best things i like about this university the best of all,0.9099999999999999,0.0,0.8,0.9099999999999999,-0.2,1.0,0.964,0.6,0.6200000000000001,0.964,-0.08000000000000002,1.0,0.6779999999999999
1.0,teaching is excellentbut lecture delivery is not up to the markpunctuality is good,0.5,some subjects are good and predictableremaining courses are not satisfactory,0.0,returning the question paper after the exams to be expectedbecause to clear and clarify the doubts regarding particular subjects,1.0,its good,1.0,its good,1.0,they are extraordinary,0.7,0.7,0.13333333333333333,0.7,0.7,0.3333333333333333,0.8799999999999999,0.58,0.05333333333333334,0.8799999999999999,0.8799999999999999,0.7333333333333333,0.6677777777777777
0.5,interaction of some faculty was good but not all faculty,0.5,depth of course was good providing a basic knowledge not so deep in subjectsat least they should provide deep knowledge and syllabus in core subjects,1.0,examination pattern was excellent,0.5,lab and practical works are goodwith a little draw back of faculty in connecting the lab practical to the outside world,0.5,library facilities are excellentbut only limited books are available so books should be increased,1.0,extra curricular are so good university is providing many pathways to many studentsapart from education,0.7,0.07999999999999999,1.0,-0.0625,0.10952380952380954,0.425,0.58,0.33199999999999996,1.0,0.27499999999999997,0.3438095238095238,0.77,0.5501349206349205
1.0,good and also like the teaching style,1.0,i like this very much because every subject is linked up with real life situations and every thing in the subject is use full,1.0,good,1.0,i like it soo much,1.0,good,1.0,good,0.7,0.09533333333333334,0.7,0.2,0.7,0.7,0.8799999999999999,0.6381333333333333,0.8799999999999999,0.6799999999999999,0.8799999999999999,0.8799999999999999,0.8063555555555554
1.0,interaction between students and teachers is good the lectures delivery is fine punctuality is good,0.5,depth of the course are depended on the level of student intake course material is delivered after the class in ums,1.0,exams are conducted upon the the basis of the revised chapters upto that point marks distribution is appropriate paper checking is good,1.0,lab is good the prof explains everything before the lab begins and the lab asst helps us during the experiments,0.0,the library has insufficent number of books for all the students,1.0,good they are knowledgebale and helps us interacting with other students,0.6055555555555555,0.0,0.6,0.7,0.0,0.2875,0.8422222222222222,0.3,0.84,0.8799999999999999,0.0,0.715,0.5962037037037037
1.0,not bad,1.0,good,0.5,very hard papers and main concept papers,0.0,very strcitly they evaluted marks,1.0,very good there we can find several course books and we can find several reference books also,1.0,in this university there is lot of events and lot of extra curriclar activities,0.3499999999999999,0.7,-0.10625000000000002,0.2,0.3033333333333333,0.0,0.74,0.8799999999999999,0.25749999999999995,0.08000000000000002,0.7213333333333333,0.6,0.5464722222222222
1.0,its quite good,1.0,pretty good,1.0,good,1.0,good enough,0.5,library is vast and has got wide variety of books but i think more number of specimen copies of books should be made available,1.0,excellent,0.7,0.475,0.7,0.35,0.2,1.0,0.8799999999999999,0.79,0.8799999999999999,0.74,0.38,1.0,0.7783333333333333
1.0,very good indeed,1.0,is good,0.0,not so good,1.0,very good,1.0,good,1.0,the best,0.9099999999999999,0.7,0.7,0.9099999999999999,0.7,1.0,0.964,0.8799999999999999,0.27999999999999997,0.964,0.8799999999999999,1.0,0.828
1.0,not bad,0.0,not good enough we want something more,0.0,strict paper correction,1.0,niceenough,1.0,fine,1.0,good,0.3499999999999999,0.05000000000000001,0.0,0.0,0.4166666666666667,0.7,0.74,0.020000000000000004,0.0,0.6,0.7666666666666666,0.8799999999999999,0.5011111111111111
0.5,teaching is good some lecturers are showing partiality between south people and north people,1.0,good,0.5,super but paper checking is not good,1.0,labs are interesting and helpful toknoe the knowledge,1.0,good,1.0,excllent,0.7,0.7,-0.008333333333333331,0.5,0.7,0.0,0.58,0.8799999999999999,0.29666666666666663,0.8,0.8799999999999999,0.6,0.6727777777777777
0.5,i was a student of a boarding school jnv i studied for years there residing in hostel now living in lpu is same like thatand still more same and punctuality is shown here by both teachers and studentsand also by the staff security is above in case of student is well manured classes regular sports dailyparticipation wellquality below average,0.0,less time for study less time for paper attemtingless time for every thing less knowlegeless depth of course but proper course material according to exam,1.0,nice timing,0.0,not good,0.5,very nicebut books are not availabe every time,0.0,very highneed to take down some accitivties noise pollition in the university always a big problem,0.05833333333333333,-0.125,0.6,-0.35,0.2,0.014814814814814808,0.3233333333333333,-0.05,0.84,-0.13999999999999999,0.38,0.005925925925925924,0.2265432098765432
1.0,all terms are good regarding the university activities,0.5,knowledge is maximum gained by reading books also the teachers explain depth if we are interested to know about it,0.5,thats good to have a negative marking pattern in exam but the time is not sufficient to do all the questions,1.0,labs helps to know how the work is doneit thought me a good lessons,1.0,they are good,1.0,yes,0.7,0.25,0.19999999999999998,0.7,0.7,0.0,0.8799999999999999,0.4,0.38,0.8799999999999999,0.8799999999999999,0.6,0.6699999999999999
1.0,good,0.0,have to improve,1.0,exampattern is good and marks distribution is also good and paper checking is very hard,1.0,it is good,1.0,it is also good,1.0,very good,0.7,0.0,0.34027777777777773,0.7,0.7,0.9099999999999999,0.8799999999999999,0.0,0.736111111111111,0.8799999999999999,0.8799999999999999,0.964,0.7233518518518518
1.0,intraction is good and leacture delivery also good and then punctuality is also is good,0.5,every one can tell depth of course but some one only give notes,0.5,exam pattern is good and marks distribution is also good but paper checking is too hard,1.0,all labs and practical going on well,0.5,good,1.0,they all are held in super,0.6999999999999998,0.0,0.3694444444444444,0.0,0.7,0.3333333333333333,0.8799999999999999,0.3,0.4477777777777777,0.6,0.58,0.7333333333333333,0.5901851851851853
1.0,all the given terms are good regarding the university,1.0,we are getting maximum knowledge,1.0,all are good,1.0,not bad,0.0,library facilities are not goodthey are not following the rules they are using phones in library,1.0,good,0.7,0.0,0.7,0.3499999999999999,0.0,0.7,0.8799999999999999,0.6,0.8799999999999999,0.74,0.0,0.8799999999999999,0.6633333333333332
1.0,all the terms are good regarding the university activities,1.0,knowledge is maximum gained by reading books and also teachers explain the concept in depth,0.5,the examination pattern is good but time is not sufficient for those questions,1.0,labs are upto the mark,1.0,they are good,1.0,the extracurricular activities held in university are very enjoyable and good,0.7,0.0,0.7,0.0,0.7,0.675,0.8799999999999999,0.6,0.58,0.6,0.8799999999999999,0.87,0.735
0.0,some of the teacher are un experienced also they are unfair and baised infact many of the teachers are having few or no experience about the subject,0.5,its fine but it should focus more towards practical knowledge rather than content based it would be helpful for us,1.0,mcq pattern is quite good and efficient way for evolving students,0.0,our labs do not have all facalities,1.0,we have a good library with all facalities,1.0,our university has lot of extracurricular going on and it helps us a lot,0.0866666666666667,0.45833333333333337,0.7,0.0,0.7,0.0,0.03466666666666668,0.48333333333333334,0.8799999999999999,0.0,0.8799999999999999,0.6,0.47966666666666663
1.0,it is going good,0.0,have to improve,0.5,paper checking is very hard remaining is good,1.0,all practical work is good,0.0,they is no problem with them,1.0,it is the best thing in this university i like it,0.7,0.0,0.16041666666666662,0.7,0.0,1.0,0.8799999999999999,0.0,0.36416666666666664,0.8799999999999999,0.0,1.0,0.5206944444444445
